<?xml version="1.0" encoding="UTF-8"?>
<!DOCTYPE mapper PUBLIC "-//mybatis.org//DTD Mapper 3.0//EN" "http://mybatis.org/dtd/mybatis-3-mapper.dtd">
<mapper namespace="com.example.dao.ProjectEntityMapper">


  <!-- 查询所有项目信息 -->
  <select id="queryProjectList" parameterType="java.lang.String" resultType="com.example.dao.entity.ProjectEntity">
    SELECT id,userid as userId,projectname as projectName,projectcontent as projectContent,creationdate as creationDate,createdby as createdBy
    FROM projectinfo
  </select>

  <!-- 插入 -->
  <insert id="insertProject" parameterType="com.example.dao.entity.ProjectEntity">
    <!--
    WARNING - @mbg.generated
    This element is automatically generated by MyBatis Generator, do not modify.
    -->
    insert into projectinfo (id,userId,projectName,projectContent,createdBy,creationDate,lastUpdateBy,lastUpdateDate)
    values (#{id,jdbcType=VARCHAR}, #{userId,jdbcType=VARCHAR}, #{projectName,jdbcType=VARCHAR},
    #{projectContent,jdbcType=VARCHAR}, #{createdBy,jdbcType=VARCHAR},
    #{creationDate,jdbcType=VARCHAR}, #{lastUpdateBy,jdbcType=VARCHAR}, #{lastUpdateDate,jdbcType=VARCHAR}
    )
  </insert>

  <!-- 删除 -->
  <delete id="deleteProjectById" parameterType="com.example.dao.entity.ProjectEntity">
    <!--
      WARNING - @mbg.generated
      This element is automatically generated by MyBatis Generator, do not modify.
    -->
    delete from projectinfo
    where id = #{id,jdbcType=VARCHAR}
  </delete>

  <!-- 修改 -->
  <update id="updateByPrimaryKeySelective" parameterType="com.example.dao.entity.ProjectEntity">
    <!--
      WARNING - @mbg.generated
      This element is automatically generated by MyBatis Generator, do not modify.
    -->
    update projectinfo
    set projectname = #{projectName,jdbcType=VARCHAR},
    projectcontent = #{projectContent,jdbcType=VARCHAR},
    createdby = #{createdBy,jdbcType=VARCHAR},
    creationdate = #{creationDate,jdbcType=VARCHAR},
    lastupdateby = #{lastUpdateBy,jdbcType=VARCHAR},
    lastupdatedate = #{lastUpdateDate,jdbcType=VARCHAR}
    where id = #{id,jdbcType=VARCHAR}
  </update>

  <!--根据项目名查找用户信息-->
  <select id="selectProjectInfo" parameterType="java.lang.String" resultType="com.example.dao.entity.ProjectEntity">
    SELECT id,userId,projectName,projectContent
    FROM projectinfo
    WHERE projectname = #{projectName,jdbcType=VARCHAR} and projectcontent = #{projectContent,jdbcType=VARCHAR}

  </select>
</mapper>