<?xml version="1.0" encoding="UTF-8"?>
<!DOCTYPE mapper PUBLIC "-//mybatis.org//DTD Mapper 3.0//EN" "http://mybatis.org/dtd/mybatis-3-mapper.dtd">
<mapper namespace="com.example.dao.XuanxiangEntityMapper">

  <!-- 查询所有用户信息 -->
  <select id="queryXuanxiangList" parameterType="java.lang.String" resultType="com.example.dao.entity.XuanxiangEntity">
    SELECT
      id,question_id,option_content,option_order
    FROM xuanxianginfo

  </select>

  <!-- 插入 -->
  <insert id="insertXuanxiang" parameterType="com.example.dao.entity.XuanxiangEntity">
    <!--
    WARNING - @mbg.generated
    This element is automatically generated by MyBatis Generator, do not modify.
    -->
    insert into xuanxianginfo (id,question_id,option_content,option_order)
    values (#{id,jdbcType=VARCHAR}, #{questionId,jdbcType=VARCHAR}, #{optionContent,jdbcType=VARCHAR},
    #{optionOrder,jdbcType=VARCHAR} )
  </insert>

  <!-- 删除 -->
  <delete id="deleteXuanxiangById" parameterType="com.example.dao.entity.XuanxiangEntity">
    <!--
      WARNING - @mbg.generated
      This element is automatically generated by MyBatis Generator, do not modify.
    -->
    delete from xuanxianginfo
    where id = #{id,jdbcType=VARCHAR}
  </delete>

  <!-- 修改 -->
  <update id="updateSelective" parameterType="com.example.dao.entity.XuanxiangEntity">
    <!--
      WARNING - @mbg.generated
      This element is automatically generated by MyBatis Generator, do not modify.
    -->
    update xuanxianginfo
    set question_id = #{questionId,jdbcType=VARCHAR},
    option_content = #{optionContent,jdbcType=VARCHAR},
    option_order = #{optionOrder,jdbcType=VARCHAR}


    where id = #{id,jdbcType=VARCHAR}
  </update>



</mapper>